<?xml version="1.0" encoding="iso-8859-1"?>
<extension version="1.7" type="plugin" group="authentication">
	<name>Authentication - SecurePass</name>
	<author>Luca Sciortino</author>
	<creationDate>April 2010</creationDate>
	<copyright>(C) Luca Sciortino. All rights reserved.</copyright>
	<license>http://www.gnu.org/copyleft/gpl.html GNU/GPL</license>
	<authorEmail>luca.sciortino@waupau.org</authorEmail>
	<authorUrl>www.waupau.org</authorUrl>
	<version>0.1</version>
	<description>This module enables SecurePass user authentication</description>
	<files>
		<filename plugin="radius">radius.php</filename>
	</files>
	<config>
		<fields name="params">
		<fieldset name="basic">

			<field name="host" type="list" default="radius1.secure-pass.net" label="Primary Zone" description="SecurePass Primary Datacenter">
					<option value="radius1.secure-pass.net">Switzerland</option>
					<option value="radius2.secure-pass.net">Italy</option>
			</field>


			<field name="sec_host" type="list" default="radius2.secure-pass.net" label="Secondary Zone " description="SecurePass Secondary Datacenter">

					<option value="radius1.secure-pass.net">Switzerland</option>
					<option value="radius2.secure-pass.net">Italy</option>
			</field>
			<field name="secret" type="password" size="32" default="" label="Shared Secret" description="SecurePass Device Shared Secret"/>
			<field name="sec" type="text" size="6" default="3" label="Timeout in sec." description="Seconds before authentication timeout. If set the timeout will occur after x seconds. If you use this option or the usec. option be sure to set it higher than the time of a successfull authentication process."/>
			<field name="usec" type="text" size="6" default="0" label="Timeout in usec." description="uSeconds before authentication timeout. Used to fine tune the timeout sec. option."/>
	</fieldset>
	</fields>
	</config>
</extension>
